1	base::RealSlicer	zN[61,9]
2	base::RealSlicer	zN[60,9]
3	base::RealSlicer	zN[59,9]
4	base::RealSlicer	zN[58,9]
5	base::RealSlicer	zN[57,9]
6	base::RealSlicer	zN[56,9]
7	base::RealSlicer	zN[55,9]
8	base::RealSlicer	zN[54,9]
9	base::RealSlicer	zN[53,9]
10	base::RealSlicer	zN[52,9]
11	base::RealSlicer	zN[51,9]
12	base::RealSlicer	zN[50,9]
13	base::RealSlicer	zN[49,9]
14	base::RealSlicer	zN[48,9]
15	base::RealSlicer	zN[47,9]
16	base::RealSlicer	zN[46,9]
17	base::RealSlicer	zN[45,9]
18	base::RealSlicer	zN[44,9]
19	base::RealSlicer	zN[43,9]
20	base::RealSlicer	zN[42,9]
21	base::RealSlicer	zN[41,9]
22	base::RealSlicer	zN[40,9]
23	base::RealSlicer	zN[39,9]
24	base::RealSlicer	zN[38,9]
25	base::RealSlicer	zN[37,9]
26	base::RealSlicer	zN[36,9]
27	base::RealSlicer	zN[35,9]
28	base::RealSlicer	zN[34,9]
29	base::RealSlicer	zN[33,9]
30	base::RealSlicer	zN[32,9]
31	base::RealSlicer	zN[31,9]
32	base::RealSlicer	zN[30,9]
33	base::RealSlicer	zN[29,9]
34	base::RealSlicer	zN[28,9]
35	base::RealSlicer	zN[27,9]
36	base::RealSlicer	zN[26,9]
37	base::RealSlicer	zN[25,9]
38	base::RealSlicer	zN[24,9]
39	base::RealSlicer	zN[23,9]
40	base::RealSlicer	zN[22,9]
41	base::RealSlicer	zN[21,9]
42	base::RealSlicer	zN[20,9]
43	base::RealSlicer	zN[19,9]
44	base::RealSlicer	zN[18,9]
45	base::RealSlicer	zN[17,9]
46	base::RealSlicer	zN[16,9]
47	base::RealSlicer	zN[15,9]
48	base::RealSlicer	zN[14,9]
49	base::RealSlicer	zN[13,9]
50	base::RealSlicer	zN[12,9]
51	base::RealSlicer	zN[11,9]
52	base::RealSlicer	zN[10,9]
53	base::RealSlicer	zN[9,9]
54	base::RealSlicer	zN[8,9]
55	base::RealSlicer	zN[7,9]
56	base::RealSlicer	zN[6,9]
57	base::RealSlicer	zN[5,9]
58	base::RealSlicer	zN[4,9]
59	base::RealSlicer	zN[3,9]
60	base::RealSlicer	zN[2,9]
61	base::RealSlicer	zN[1,9]
62	base::RealSlicer	zN[61,8]
63	base::RealSlicer	zN[60,8]
64	base::RealSlicer	zN[59,8]
65	base::RealSlicer	zN[58,8]
66	base::RealSlicer	zN[57,8]
67	base::RealSlicer	zN[56,8]
68	base::RealSlicer	zN[55,8]
69	base::RealSlicer	zN[54,8]
70	base::RealSlicer	zN[53,8]
71	base::RealSlicer	zN[52,8]
72	base::RealSlicer	zN[51,8]
73	base::RealSlicer	zN[50,8]
74	base::RealSlicer	zN[49,8]
75	base::RealSlicer	zN[48,8]
76	base::RealSlicer	zN[47,8]
77	base::RealSlicer	zN[46,8]
78	base::RealSlicer	zN[45,8]
79	base::RealSlicer	zN[44,8]
80	base::RealSlicer	zN[43,8]
81	base::RealSlicer	zN[42,8]
82	base::RealSlicer	zN[41,8]
83	base::RealSlicer	zN[40,8]
84	base::RealSlicer	zN[39,8]
85	base::RealSlicer	zN[38,8]
86	base::RealSlicer	zN[37,8]
87	base::RealSlicer	zN[36,8]
88	base::RealSlicer	zN[35,8]
89	base::RealSlicer	zN[34,8]
90	base::RealSlicer	zN[33,8]
91	base::RealSlicer	zN[32,8]
92	base::RealSlicer	zN[31,8]
93	base::RealSlicer	zN[30,8]
94	base::RealSlicer	zN[29,8]
95	base::RealSlicer	zN[28,8]
96	base::RealSlicer	zN[27,8]
97	base::RealSlicer	zN[26,8]
98	base::RealSlicer	zN[25,8]
99	base::RealSlicer	zN[24,8]
100	base::RealSlicer	zN[23,8]
101	base::RealSlicer	zN[22,8]
102	base::RealSlicer	zN[21,8]
103	base::RealSlicer	zN[20,8]
104	base::RealSlicer	zN[19,8]
105	base::RealSlicer	zN[18,8]
106	base::RealSlicer	zN[17,8]
107	base::RealSlicer	zN[16,8]
108	base::RealSlicer	zN[15,8]
109	base::RealSlicer	zN[14,8]
110	base::RealSlicer	zN[13,8]
111	base::RealSlicer	zN[12,8]
112	base::RealSlicer	zN[11,8]
113	base::RealSlicer	zN[10,8]
114	base::RealSlicer	zN[9,8]
115	base::RealSlicer	zN[8,8]
116	base::RealSlicer	zN[7,8]
117	base::RealSlicer	zN[6,8]
118	base::RealSlicer	zN[5,8]
119	base::RealSlicer	zN[4,8]
120	base::RealSlicer	zN[3,8]
121	base::RealSlicer	zN[2,8]
122	base::RealSlicer	zN[1,8]
123	base::RealSlicer	zN[61,7]
124	base::RealSlicer	zN[60,7]
125	base::RealSlicer	zN[59,7]
126	base::RealSlicer	zN[58,7]
127	base::RealSlicer	zN[57,7]
128	base::RealSlicer	zN[56,7]
129	base::RealSlicer	zN[55,7]
130	base::RealSlicer	zN[54,7]
131	base::RealSlicer	zN[53,7]
132	base::RealSlicer	zN[52,7]
133	base::RealSlicer	zN[51,7]
134	base::RealSlicer	zN[50,7]
135	base::RealSlicer	zN[49,7]
136	base::RealSlicer	zN[48,7]
137	base::RealSlicer	zN[47,7]
138	base::RealSlicer	zN[46,7]
139	base::RealSlicer	zN[45,7]
140	base::RealSlicer	zN[44,7]
141	base::RealSlicer	zN[43,7]
142	base::RealSlicer	zN[42,7]
143	base::RealSlicer	zN[41,7]
144	base::RealSlicer	zN[40,7]
145	base::RealSlicer	zN[39,7]
146	base::RealSlicer	zN[38,7]
147	base::RealSlicer	zN[37,7]
148	base::RealSlicer	zN[36,7]
149	base::RealSlicer	zN[35,7]
150	base::RealSlicer	zN[34,7]
151	base::RealSlicer	zN[33,7]
152	base::RealSlicer	zN[32,7]
153	base::RealSlicer	zN[31,7]
154	base::RealSlicer	zN[30,7]
155	base::RealSlicer	zN[29,7]
156	base::RealSlicer	zN[28,7]
157	base::RealSlicer	zN[27,7]
158	base::RealSlicer	zN[26,7]
159	base::RealSlicer	zN[25,7]
160	base::RealSlicer	zN[24,7]
161	base::RealSlicer	zN[23,7]
162	base::RealSlicer	zN[22,7]
163	base::RealSlicer	zN[21,7]
164	base::RealSlicer	zN[20,7]
165	base::RealSlicer	zN[19,7]
166	base::RealSlicer	zN[18,7]
167	base::RealSlicer	zN[17,7]
168	base::RealSlicer	zN[16,7]
169	base::RealSlicer	zN[15,7]
170	base::RealSlicer	zN[14,7]
171	base::RealSlicer	zN[13,7]
172	base::RealSlicer	zN[12,7]
173	base::RealSlicer	zN[11,7]
174	base::RealSlicer	zN[10,7]
175	base::RealSlicer	zN[9,7]
176	base::RealSlicer	zN[8,7]
177	base::RealSlicer	zN[7,7]
178	base::RealSlicer	zN[6,7]
179	base::RealSlicer	zN[5,7]
180	base::RealSlicer	zN[4,7]
181	base::RealSlicer	zN[3,7]
182	base::RealSlicer	zN[2,7]
183	base::RealSlicer	zN[1,7]
184	base::RealSlicer	zN[61,6]
185	base::RealSlicer	zN[60,6]
186	base::RealSlicer	zN[59,6]
187	base::RealSlicer	zN[58,6]
188	base::RealSlicer	zN[57,6]
189	base::RealSlicer	zN[56,6]
190	base::RealSlicer	zN[55,6]
191	base::RealSlicer	zN[54,6]
192	base::RealSlicer	zN[53,6]
193	base::RealSlicer	zN[52,6]
194	base::RealSlicer	zN[51,6]
195	base::RealSlicer	zN[50,6]
196	base::RealSlicer	zN[49,6]
197	base::RealSlicer	zN[48,6]
198	base::RealSlicer	zN[47,6]
199	base::RealSlicer	zN[46,6]
200	base::RealSlicer	zN[45,6]
201	base::RealSlicer	zN[44,6]
202	base::RealSlicer	zN[43,6]
203	base::RealSlicer	zN[42,6]
204	base::RealSlicer	zN[41,6]
205	base::RealSlicer	zN[40,6]
206	base::RealSlicer	zN[39,6]
207	base::RealSlicer	zN[38,6]
208	base::RealSlicer	zN[37,6]
209	base::RealSlicer	zN[36,6]
210	base::RealSlicer	zN[35,6]
211	base::RealSlicer	zN[34,6]
212	base::RealSlicer	zN[33,6]
213	base::RealSlicer	zN[32,6]
214	base::RealSlicer	zN[31,6]
215	base::RealSlicer	zN[30,6]
216	base::RealSlicer	zN[29,6]
217	base::RealSlicer	zN[28,6]
218	base::RealSlicer	zN[27,6]
219	base::RealSlicer	zN[26,6]
220	base::RealSlicer	zN[25,6]
221	base::RealSlicer	zN[24,6]
222	base::RealSlicer	zN[23,6]
223	base::RealSlicer	zN[22,6]
224	base::RealSlicer	zN[21,6]
225	base::RealSlicer	zN[20,6]
226	base::RealSlicer	zN[19,6]
227	base::RealSlicer	zN[18,6]
228	base::RealSlicer	zN[17,6]
229	base::RealSlicer	zN[16,6]
230	base::RealSlicer	zN[15,6]
231	base::RealSlicer	zN[14,6]
232	base::RealSlicer	zN[13,6]
233	base::RealSlicer	zN[12,6]
234	base::RealSlicer	zN[11,6]
235	base::RealSlicer	zN[10,6]
236	base::RealSlicer	zN[9,6]
237	base::RealSlicer	zN[8,6]
238	base::RealSlicer	zN[7,6]
239	base::RealSlicer	zN[6,6]
240	base::RealSlicer	zN[5,6]
241	base::RealSlicer	zN[4,6]
242	base::RealSlicer	zN[3,6]
243	base::RealSlicer	zN[2,6]
244	base::RealSlicer	zN[1,6]
245	base::RealSlicer	zN[61,5]
246	base::RealSlicer	zN[60,5]
247	base::RealSlicer	zN[59,5]
248	base::RealSlicer	zN[58,5]
249	base::RealSlicer	zN[57,5]
250	base::RealSlicer	zN[56,5]
251	base::RealSlicer	zN[55,5]
252	base::RealSlicer	zN[54,5]
253	base::RealSlicer	zN[53,5]
254	base::RealSlicer	zN[52,5]
255	base::RealSlicer	zN[51,5]
256	base::RealSlicer	zN[50,5]
257	base::RealSlicer	zN[49,5]
258	base::RealSlicer	zN[48,5]
259	base::RealSlicer	zN[47,5]
260	base::RealSlicer	zN[46,5]
261	base::RealSlicer	zN[45,5]
262	base::RealSlicer	zN[44,5]
263	base::RealSlicer	zN[43,5]
264	base::RealSlicer	zN[42,5]
265	base::RealSlicer	zN[41,5]
266	base::RealSlicer	zN[40,5]
267	base::RealSlicer	zN[39,5]
268	base::RealSlicer	zN[38,5]
269	base::RealSlicer	zN[37,5]
270	base::RealSlicer	zN[36,5]
271	base::RealSlicer	zN[35,5]
272	base::RealSlicer	zN[34,5]
273	base::RealSlicer	zN[33,5]
274	base::RealSlicer	zN[32,5]
275	base::RealSlicer	zN[31,5]
276	base::RealSlicer	zN[30,5]
277	base::RealSlicer	zN[29,5]
278	base::RealSlicer	zN[28,5]
279	base::RealSlicer	zN[27,5]
280	base::RealSlicer	zN[26,5]
281	base::RealSlicer	zN[25,5]
282	base::RealSlicer	zN[24,5]
283	base::RealSlicer	zN[23,5]
284	base::RealSlicer	zN[22,5]
285	base::RealSlicer	zN[21,5]
286	base::RealSlicer	zN[20,5]
287	base::RealSlicer	zN[19,5]
288	base::RealSlicer	zN[18,5]
289	base::RealSlicer	zN[17,5]
290	base::RealSlicer	zN[16,5]
291	base::RealSlicer	zN[15,5]
292	base::RealSlicer	zN[14,5]
293	base::RealSlicer	zN[13,5]
294	base::RealSlicer	zN[12,5]
295	base::RealSlicer	zN[11,5]
296	base::RealSlicer	zN[10,5]
297	base::RealSlicer	zN[9,5]
298	base::RealSlicer	zN[8,5]
299	base::RealSlicer	zN[7,5]
300	base::RealSlicer	zN[6,5]
301	base::RealSlicer	zN[5,5]
302	base::RealSlicer	zN[4,5]
303	base::RealSlicer	zN[3,5]
304	base::RealSlicer	zN[2,5]
305	base::RealSlicer	zN[1,5]
306	base::RealSlicer	zN[61,4]
307	base::RealSlicer	zN[60,4]
308	base::RealSlicer	zN[59,4]
309	base::RealSlicer	zN[58,4]
310	base::RealSlicer	zN[57,4]
311	base::RealSlicer	zN[56,4]
312	base::RealSlicer	zN[55,4]
313	base::RealSlicer	zN[54,4]
314	base::RealSlicer	zN[53,4]
315	base::RealSlicer	zN[52,4]
316	base::RealSlicer	zN[51,4]
317	base::RealSlicer	zN[50,4]
318	base::RealSlicer	zN[49,4]
319	base::RealSlicer	zN[48,4]
320	base::RealSlicer	zN[47,4]
321	base::RealSlicer	zN[46,4]
322	base::RealSlicer	zN[45,4]
323	base::RealSlicer	zN[44,4]
324	base::RealSlicer	zN[43,4]
325	base::RealSlicer	zN[42,4]
326	base::RealSlicer	zN[41,4]
327	base::RealSlicer	zN[40,4]
328	base::RealSlicer	zN[39,4]
329	base::RealSlicer	zN[38,4]
330	base::RealSlicer	zN[37,4]
331	base::RealSlicer	zN[36,4]
332	base::RealSlicer	zN[35,4]
333	base::RealSlicer	zN[34,4]
334	base::RealSlicer	zN[33,4]
335	base::RealSlicer	zN[32,4]
336	base::RealSlicer	zN[31,4]
337	base::RealSlicer	zN[30,4]
338	base::RealSlicer	zN[29,4]
339	base::RealSlicer	zN[28,4]
340	base::RealSlicer	zN[27,4]
341	base::RealSlicer	zN[26,4]
342	base::RealSlicer	zN[25,4]
343	base::RealSlicer	zN[24,4]
344	base::RealSlicer	zN[23,4]
345	base::RealSlicer	zN[22,4]
346	base::RealSlicer	zN[21,4]
347	base::RealSlicer	zN[20,4]
348	base::RealSlicer	zN[19,4]
349	base::RealSlicer	zN[18,4]
350	base::RealSlicer	zN[17,4]
351	base::RealSlicer	zN[16,4]
352	base::RealSlicer	zN[15,4]
353	base::RealSlicer	zN[14,4]
354	base::RealSlicer	zN[13,4]
355	base::RealSlicer	zN[12,4]
356	base::RealSlicer	zN[11,4]
357	base::RealSlicer	zN[10,4]
358	base::RealSlicer	zN[9,4]
359	base::RealSlicer	zN[8,4]
360	base::RealSlicer	zN[7,4]
361	base::RealSlicer	zN[6,4]
362	base::RealSlicer	zN[5,4]
363	base::RealSlicer	zN[4,4]
364	base::RealSlicer	zN[3,4]
365	base::RealSlicer	zN[2,4]
366	base::RealSlicer	zN[1,4]
367	base::RealSlicer	zN[61,3]
368	base::RealSlicer	zN[60,3]
369	base::RealSlicer	zN[59,3]
370	base::RealSlicer	zN[58,3]
371	base::RealSlicer	zN[57,3]
372	base::RealSlicer	zN[56,3]
373	base::RealSlicer	zN[55,3]
374	base::RealSlicer	zN[54,3]
375	base::RealSlicer	zN[53,3]
376	base::RealSlicer	zN[52,3]
377	base::RealSlicer	zN[51,3]
378	base::RealSlicer	zN[50,3]
379	base::RealSlicer	zN[49,3]
380	base::RealSlicer	zN[48,3]
381	base::RealSlicer	zN[47,3]
382	base::RealSlicer	zN[46,3]
383	base::RealSlicer	zN[45,3]
384	base::RealSlicer	zN[44,3]
385	base::RealSlicer	zN[43,3]
386	base::RealSlicer	zN[42,3]
387	base::RealSlicer	zN[41,3]
388	base::RealSlicer	zN[40,3]
389	base::RealSlicer	zN[39,3]
390	base::RealSlicer	zN[38,3]
391	base::RealSlicer	zN[37,3]
392	base::RealSlicer	zN[36,3]
393	base::RealSlicer	zN[35,3]
394	base::RealSlicer	zN[34,3]
395	base::RealSlicer	zN[33,3]
396	base::RealSlicer	zN[32,3]
397	base::RealSlicer	zN[31,3]
398	base::RealSlicer	zN[30,3]
399	base::RealSlicer	zN[29,3]
400	base::RealSlicer	zN[28,3]
401	base::RealSlicer	zN[27,3]
402	base::RealSlicer	zN[26,3]
403	base::RealSlicer	zN[25,3]
404	base::RealSlicer	zN[24,3]
405	base::RealSlicer	zN[23,3]
406	base::RealSlicer	zN[22,3]
407	base::RealSlicer	zN[21,3]
408	base::RealSlicer	zN[20,3]
409	base::RealSlicer	zN[19,3]
410	base::RealSlicer	zN[18,3]
411	base::RealSlicer	zN[17,3]
412	base::RealSlicer	zN[16,3]
413	base::RealSlicer	zN[15,3]
414	base::RealSlicer	zN[14,3]
415	base::RealSlicer	zN[13,3]
416	base::RealSlicer	zN[12,3]
417	base::RealSlicer	zN[11,3]
418	base::RealSlicer	zN[10,3]
419	base::RealSlicer	zN[9,3]
420	base::RealSlicer	zN[8,3]
421	base::RealSlicer	zN[7,3]
422	base::RealSlicer	zN[6,3]
423	base::RealSlicer	zN[5,3]
424	base::RealSlicer	zN[4,3]
425	base::RealSlicer	zN[3,3]
426	base::RealSlicer	zN[2,3]
427	base::RealSlicer	zN[1,3]
428	base::RealSlicer	zN[61,2]
429	base::RealSlicer	zN[60,2]
430	base::RealSlicer	zN[59,2]
431	base::RealSlicer	zN[58,2]
432	base::RealSlicer	zN[57,2]
433	base::RealSlicer	zN[56,2]
434	base::RealSlicer	zN[55,2]
435	base::RealSlicer	zN[54,2]
436	base::RealSlicer	zN[53,2]
437	base::RealSlicer	zN[52,2]
438	base::RealSlicer	zN[51,2]
439	base::RealSlicer	zN[50,2]
440	base::RealSlicer	zN[49,2]
441	base::RealSlicer	zN[48,2]
442	base::RealSlicer	zN[47,2]
443	base::RealSlicer	zN[46,2]
444	base::RealSlicer	zN[45,2]
445	base::RealSlicer	zN[44,2]
446	base::RealSlicer	zN[43,2]
447	base::RealSlicer	zN[42,2]
448	base::RealSlicer	zN[41,2]
449	base::RealSlicer	zN[40,2]
450	base::RealSlicer	zN[39,2]
451	base::RealSlicer	zN[38,2]
452	base::RealSlicer	zN[37,2]
453	base::RealSlicer	zN[36,2]
454	base::RealSlicer	zN[35,2]
455	base::RealSlicer	zN[34,2]
456	base::RealSlicer	zN[33,2]
457	base::RealSlicer	zN[32,2]
458	base::RealSlicer	zN[31,2]
459	base::RealSlicer	zN[30,2]
460	base::RealSlicer	zN[29,2]
461	base::RealSlicer	zN[28,2]
462	base::RealSlicer	zN[27,2]
463	base::RealSlicer	zN[26,2]
464	base::RealSlicer	zN[25,2]
465	base::RealSlicer	zN[24,2]
466	base::RealSlicer	zN[23,2]
467	base::RealSlicer	zN[22,2]
468	base::RealSlicer	zN[21,2]
469	base::RealSlicer	zN[20,2]
470	base::RealSlicer	zN[19,2]
471	base::RealSlicer	zN[18,2]
472	base::RealSlicer	zN[17,2]
473	base::RealSlicer	zN[16,2]
474	base::RealSlicer	zN[15,2]
475	base::RealSlicer	zN[14,2]
476	base::RealSlicer	zN[13,2]
477	base::RealSlicer	zN[12,2]
478	base::RealSlicer	zN[11,2]
479	base::RealSlicer	zN[10,2]
480	base::RealSlicer	zN[9,2]
481	base::RealSlicer	zN[8,2]
482	base::RealSlicer	zN[7,2]
483	base::RealSlicer	zN[6,2]
484	base::RealSlicer	zN[5,2]
485	base::RealSlicer	zN[4,2]
486	base::RealSlicer	zN[3,2]
487	base::RealSlicer	zN[2,2]
488	base::RealSlicer	zN[1,2]
489	base::RealSlicer	zN[61,1]
490	base::RealSlicer	zN[60,1]
491	base::RealSlicer	zN[59,1]
492	base::RealSlicer	zN[58,1]
493	base::RealSlicer	zN[57,1]
494	base::RealSlicer	zN[56,1]
495	base::RealSlicer	zN[55,1]
496	base::RealSlicer	zN[54,1]
497	base::RealSlicer	zN[53,1]
498	base::RealSlicer	zN[52,1]
499	base::RealSlicer	zN[51,1]
500	base::RealSlicer	zN[50,1]
501	base::RealSlicer	zN[49,1]
502	base::RealSlicer	zN[48,1]
503	base::RealSlicer	zN[47,1]
504	base::RealSlicer	zN[46,1]
505	base::RealSlicer	zN[45,1]
506	base::RealSlicer	zN[44,1]
507	base::RealSlicer	zN[43,1]
508	base::RealSlicer	zN[42,1]
509	base::RealSlicer	zN[41,1]
510	base::RealSlicer	zN[40,1]
511	base::RealSlicer	zN[39,1]
512	base::RealSlicer	zN[38,1]
513	base::RealSlicer	zN[37,1]
514	base::RealSlicer	zN[36,1]
515	base::RealSlicer	zN[35,1]
516	base::RealSlicer	zN[34,1]
517	base::RealSlicer	zN[33,1]
518	base::RealSlicer	zN[32,1]
519	base::RealSlicer	zN[31,1]
520	base::RealSlicer	zN[30,1]
521	base::RealSlicer	zN[29,1]
522	base::RealSlicer	zN[28,1]
523	base::RealSlicer	zN[27,1]
524	base::RealSlicer	zN[26,1]
525	base::RealSlicer	zN[25,1]
526	base::RealSlicer	zN[24,1]
527	base::RealSlicer	zN[23,1]
528	base::RealSlicer	zN[22,1]
529	base::RealSlicer	zN[21,1]
530	base::RealSlicer	zN[20,1]
531	base::RealSlicer	zN[19,1]
532	base::RealSlicer	zN[18,1]
533	base::RealSlicer	zN[17,1]
534	base::RealSlicer	zN[16,1]
535	base::RealSlicer	zN[15,1]
536	base::RealSlicer	zN[14,1]
537	base::RealSlicer	zN[13,1]
538	base::RealSlicer	zN[12,1]
539	base::RealSlicer	zN[11,1]
540	base::RealSlicer	zN[10,1]
541	base::RealSlicer	zN[9,1]
542	base::RealSlicer	zN[8,1]
543	base::RealSlicer	zN[7,1]
544	base::RealSlicer	zN[6,1]
545	base::RealSlicer	zN[5,1]
546	base::RealSlicer	zN[4,1]
547	base::RealSlicer	zN[3,1]
548	base::RealSlicer	zN[2,1]
549	base::RealSlicer	zN[1,1]
550	base::RealSlicer	BB[61,9]
551	base::RealSlicer	BB[60,9]
552	base::RealSlicer	BB[59,9]
553	base::RealSlicer	BB[58,9]
554	base::RealSlicer	BB[57,9]
555	base::RealSlicer	BB[56,9]
556	base::RealSlicer	BB[55,9]
557	base::RealSlicer	BB[54,9]
558	base::RealSlicer	BB[53,9]
559	base::RealSlicer	BB[52,9]
560	base::RealSlicer	BB[51,9]
561	base::RealSlicer	BB[50,9]
562	base::RealSlicer	BB[49,9]
563	base::RealSlicer	BB[48,9]
564	base::RealSlicer	BB[47,9]
565	base::RealSlicer	BB[46,9]
566	base::RealSlicer	BB[45,9]
567	base::RealSlicer	BB[44,9]
568	base::RealSlicer	BB[43,9]
569	base::RealSlicer	BB[42,9]
570	base::RealSlicer	BB[41,9]
571	base::RealSlicer	BB[40,9]
572	base::RealSlicer	BB[39,9]
573	base::RealSlicer	BB[38,9]
574	base::RealSlicer	BB[37,9]
575	base::RealSlicer	BB[36,9]
576	base::RealSlicer	BB[35,9]
577	base::RealSlicer	BB[34,9]
578	base::RealSlicer	BB[33,9]
579	base::RealSlicer	BB[32,9]
580	base::RealSlicer	BB[31,9]
581	base::RealSlicer	BB[30,9]
582	base::RealSlicer	BB[29,9]
583	base::RealSlicer	BB[28,9]
584	base::RealSlicer	BB[27,9]
585	base::RealSlicer	BB[26,9]
586	base::RealSlicer	BB[25,9]
587	base::RealSlicer	BB[24,9]
588	base::RealSlicer	BB[23,9]
589	base::RealSlicer	BB[22,9]
590	base::RealSlicer	BB[21,9]
591	base::RealSlicer	BB[20,9]
592	base::RealSlicer	BB[19,9]
593	base::RealSlicer	BB[18,9]
594	base::RealSlicer	BB[17,9]
595	base::RealSlicer	BB[16,9]
596	base::RealSlicer	BB[15,9]
597	base::RealSlicer	BB[14,9]
598	base::RealSlicer	BB[13,9]
599	base::RealSlicer	BB[12,9]
600	base::RealSlicer	BB[11,9]
601	base::RealSlicer	BB[10,9]
602	base::RealSlicer	BB[9,9]
603	base::RealSlicer	BB[8,9]
604	base::RealSlicer	BB[7,9]
605	base::RealSlicer	BB[6,9]
606	base::RealSlicer	BB[5,9]
607	base::RealSlicer	BB[4,9]
608	base::RealSlicer	BB[3,9]
609	base::RealSlicer	BB[2,9]
610	base::RealSlicer	BB[1,9]
611	base::RealSlicer	BB[61,8]
612	base::RealSlicer	BB[60,8]
613	base::RealSlicer	BB[59,8]
614	base::RealSlicer	BB[58,8]
615	base::RealSlicer	BB[57,8]
616	base::RealSlicer	BB[56,8]
617	base::RealSlicer	BB[55,8]
618	base::RealSlicer	BB[54,8]
619	base::RealSlicer	BB[53,8]
620	base::RealSlicer	BB[52,8]
621	base::RealSlicer	BB[51,8]
622	base::RealSlicer	BB[50,8]
623	base::RealSlicer	BB[49,8]
624	base::RealSlicer	BB[48,8]
625	base::RealSlicer	BB[47,8]
626	base::RealSlicer	BB[46,8]
627	base::RealSlicer	BB[45,8]
628	base::RealSlicer	BB[44,8]
629	base::RealSlicer	BB[43,8]
630	base::RealSlicer	BB[42,8]
631	base::RealSlicer	BB[41,8]
632	base::RealSlicer	BB[40,8]
633	base::RealSlicer	BB[39,8]
634	base::RealSlicer	BB[38,8]
635	base::RealSlicer	BB[37,8]
636	base::RealSlicer	BB[36,8]
637	base::RealSlicer	BB[35,8]
638	base::RealSlicer	BB[34,8]
639	base::RealSlicer	BB[33,8]
640	base::RealSlicer	BB[32,8]
641	base::RealSlicer	BB[31,8]
642	base::RealSlicer	BB[30,8]
643	base::RealSlicer	BB[29,8]
644	base::RealSlicer	BB[28,8]
645	base::RealSlicer	BB[27,8]
646	base::RealSlicer	BB[26,8]
647	base::RealSlicer	BB[25,8]
648	base::RealSlicer	BB[24,8]
649	base::RealSlicer	BB[23,8]
650	base::RealSlicer	BB[22,8]
651	base::RealSlicer	BB[21,8]
652	base::RealSlicer	BB[20,8]
653	base::RealSlicer	BB[19,8]
654	base::RealSlicer	BB[18,8]
655	base::RealSlicer	BB[17,8]
656	base::RealSlicer	BB[16,8]
657	base::RealSlicer	BB[15,8]
658	base::RealSlicer	BB[14,8]
659	base::RealSlicer	BB[13,8]
660	base::RealSlicer	BB[12,8]
661	base::RealSlicer	BB[11,8]
662	base::RealSlicer	BB[10,8]
663	base::RealSlicer	BB[9,8]
664	base::RealSlicer	BB[8,8]
665	base::RealSlicer	BB[7,8]
666	base::RealSlicer	BB[6,8]
667	base::RealSlicer	BB[5,8]
668	base::RealSlicer	BB[4,8]
669	base::RealSlicer	BB[3,8]
670	base::RealSlicer	BB[2,8]
671	base::RealSlicer	BB[1,8]
672	base::RealSlicer	BB[61,7]
673	base::RealSlicer	BB[60,7]
674	base::RealSlicer	BB[59,7]
675	base::RealSlicer	BB[58,7]
676	base::RealSlicer	BB[57,7]
677	base::RealSlicer	BB[56,7]
678	base::RealSlicer	BB[55,7]
679	base::RealSlicer	BB[54,7]
680	base::RealSlicer	BB[53,7]
681	base::RealSlicer	BB[52,7]
682	base::RealSlicer	BB[51,7]
683	base::RealSlicer	BB[50,7]
684	base::RealSlicer	BB[49,7]
685	base::RealSlicer	BB[48,7]
686	base::RealSlicer	BB[47,7]
687	base::RealSlicer	BB[46,7]
688	base::RealSlicer	BB[45,7]
689	base::RealSlicer	BB[44,7]
690	base::RealSlicer	BB[43,7]
691	base::RealSlicer	BB[42,7]
692	base::RealSlicer	BB[41,7]
693	base::RealSlicer	BB[40,7]
694	base::RealSlicer	BB[39,7]
695	base::RealSlicer	BB[38,7]
696	base::RealSlicer	BB[37,7]
697	base::RealSlicer	BB[36,7]
698	base::RealSlicer	BB[35,7]
699	base::RealSlicer	BB[34,7]
700	base::RealSlicer	BB[33,7]
701	base::RealSlicer	BB[32,7]
702	base::RealSlicer	BB[31,7]
703	base::RealSlicer	BB[30,7]
704	base::RealSlicer	BB[29,7]
705	base::RealSlicer	BB[28,7]
706	base::RealSlicer	BB[27,7]
707	base::RealSlicer	BB[26,7]
708	base::RealSlicer	BB[25,7]
709	base::RealSlicer	BB[24,7]
710	base::RealSlicer	BB[23,7]
711	base::RealSlicer	BB[22,7]
712	base::RealSlicer	BB[21,7]
713	base::RealSlicer	BB[20,7]
714	base::RealSlicer	BB[19,7]
715	base::RealSlicer	BB[18,7]
716	base::RealSlicer	BB[17,7]
717	base::RealSlicer	BB[16,7]
718	base::RealSlicer	BB[15,7]
719	base::RealSlicer	BB[14,7]
720	base::RealSlicer	BB[13,7]
721	base::RealSlicer	BB[12,7]
722	base::RealSlicer	BB[11,7]
723	base::RealSlicer	BB[10,7]
724	base::RealSlicer	BB[9,7]
725	base::RealSlicer	BB[8,7]
726	base::RealSlicer	BB[7,7]
727	base::RealSlicer	BB[6,7]
728	base::RealSlicer	BB[5,7]
729	base::RealSlicer	BB[4,7]
730	base::RealSlicer	BB[3,7]
731	base::RealSlicer	BB[2,7]
732	base::RealSlicer	BB[1,7]
733	base::RealSlicer	BB[61,6]
734	base::RealSlicer	BB[60,6]
735	base::RealSlicer	BB[59,6]
736	base::RealSlicer	BB[58,6]
737	base::RealSlicer	BB[57,6]
738	base::RealSlicer	BB[56,6]
739	base::RealSlicer	BB[55,6]
740	base::RealSlicer	BB[54,6]
741	base::RealSlicer	BB[53,6]
742	base::RealSlicer	BB[52,6]
743	base::RealSlicer	BB[51,6]
744	base::RealSlicer	BB[50,6]
745	base::RealSlicer	BB[49,6]
746	base::RealSlicer	BB[48,6]
747	base::RealSlicer	BB[47,6]
748	base::RealSlicer	BB[46,6]
749	base::RealSlicer	BB[45,6]
750	base::RealSlicer	BB[44,6]
751	base::RealSlicer	BB[43,6]
752	base::RealSlicer	BB[42,6]
753	base::RealSlicer	BB[41,6]
754	base::RealSlicer	BB[40,6]
755	base::RealSlicer	BB[39,6]
756	base::RealSlicer	BB[38,6]
757	base::RealSlicer	BB[37,6]
758	base::RealSlicer	BB[36,6]
759	base::RealSlicer	BB[35,6]
760	base::RealSlicer	BB[34,6]
761	base::RealSlicer	BB[33,6]
762	base::RealSlicer	BB[32,6]
763	base::RealSlicer	BB[31,6]
764	base::RealSlicer	BB[30,6]
765	base::RealSlicer	BB[29,6]
766	base::RealSlicer	BB[28,6]
767	base::RealSlicer	BB[27,6]
768	base::RealSlicer	BB[26,6]
769	base::RealSlicer	BB[25,6]
770	base::RealSlicer	BB[24,6]
771	base::RealSlicer	BB[23,6]
772	base::RealSlicer	BB[22,6]
773	base::RealSlicer	BB[21,6]
774	base::RealSlicer	BB[20,6]
775	base::RealSlicer	BB[19,6]
776	base::RealSlicer	BB[18,6]
777	base::RealSlicer	BB[17,6]
778	base::RealSlicer	BB[16,6]
779	base::RealSlicer	BB[15,6]
780	base::RealSlicer	BB[14,6]
781	base::RealSlicer	BB[13,6]
782	base::RealSlicer	BB[12,6]
783	base::RealSlicer	BB[11,6]
784	base::RealSlicer	BB[10,6]
785	base::RealSlicer	BB[9,6]
786	base::RealSlicer	BB[8,6]
787	base::RealSlicer	BB[7,6]
788	base::RealSlicer	BB[6,6]
789	base::RealSlicer	BB[5,6]
790	base::RealSlicer	BB[4,6]
791	base::RealSlicer	BB[3,6]
792	base::RealSlicer	BB[2,6]
793	base::RealSlicer	BB[1,6]
794	base::RealSlicer	BB[61,5]
795	base::RealSlicer	BB[60,5]
796	base::RealSlicer	BB[59,5]
797	base::RealSlicer	BB[58,5]
798	base::RealSlicer	BB[57,5]
799	base::RealSlicer	BB[56,5]
800	base::RealSlicer	BB[55,5]
801	base::RealSlicer	BB[54,5]
802	base::RealSlicer	BB[53,5]
803	base::RealSlicer	BB[52,5]
804	base::RealSlicer	BB[51,5]
805	base::RealSlicer	BB[50,5]
806	base::RealSlicer	BB[49,5]
807	base::RealSlicer	BB[48,5]
808	base::RealSlicer	BB[47,5]
809	base::RealSlicer	BB[46,5]
810	base::RealSlicer	BB[45,5]
811	base::RealSlicer	BB[44,5]
812	base::RealSlicer	BB[43,5]
813	base::RealSlicer	BB[42,5]
814	base::RealSlicer	BB[41,5]
815	base::RealSlicer	BB[40,5]
816	base::RealSlicer	BB[39,5]
817	base::RealSlicer	BB[38,5]
818	base::RealSlicer	BB[37,5]
819	base::RealSlicer	BB[36,5]
820	base::RealSlicer	BB[35,5]
821	base::RealSlicer	BB[34,5]
822	base::RealSlicer	BB[33,5]
823	base::RealSlicer	BB[32,5]
824	base::RealSlicer	BB[31,5]
825	base::RealSlicer	BB[30,5]
826	base::RealSlicer	BB[29,5]
827	base::RealSlicer	BB[28,5]
828	base::RealSlicer	BB[27,5]
829	base::RealSlicer	BB[26,5]
830	base::RealSlicer	BB[25,5]
831	base::RealSlicer	BB[24,5]
832	base::RealSlicer	BB[23,5]
833	base::RealSlicer	BB[22,5]
834	base::RealSlicer	BB[21,5]
835	base::RealSlicer	BB[20,5]
836	base::RealSlicer	BB[19,5]
837	base::RealSlicer	BB[18,5]
838	base::RealSlicer	BB[17,5]
839	base::RealSlicer	BB[16,5]
840	base::RealSlicer	BB[15,5]
841	base::RealSlicer	BB[14,5]
842	base::RealSlicer	BB[13,5]
843	base::RealSlicer	BB[12,5]
844	base::RealSlicer	BB[11,5]
845	base::RealSlicer	BB[10,5]
846	base::RealSlicer	BB[9,5]
847	base::RealSlicer	BB[8,5]
848	base::RealSlicer	BB[7,5]
849	base::RealSlicer	BB[6,5]
850	base::RealSlicer	BB[5,5]
851	base::RealSlicer	BB[4,5]
852	base::RealSlicer	BB[3,5]
853	base::RealSlicer	BB[2,5]
854	base::RealSlicer	BB[1,5]
855	base::RealSlicer	BB[61,4]
856	base::RealSlicer	BB[60,4]
857	base::RealSlicer	BB[59,4]
858	base::RealSlicer	BB[58,4]
859	base::RealSlicer	BB[57,4]
860	base::RealSlicer	BB[56,4]
861	base::RealSlicer	BB[55,4]
862	base::RealSlicer	BB[54,4]
863	base::RealSlicer	BB[53,4]
864	base::RealSlicer	BB[52,4]
865	base::RealSlicer	BB[51,4]
866	base::RealSlicer	BB[50,4]
867	base::RealSlicer	BB[49,4]
868	base::RealSlicer	BB[48,4]
869	base::RealSlicer	BB[47,4]
870	base::RealSlicer	BB[46,4]
871	base::RealSlicer	BB[45,4]
872	base::RealSlicer	BB[44,4]
873	base::RealSlicer	BB[43,4]
874	base::RealSlicer	BB[42,4]
875	base::RealSlicer	BB[41,4]
876	base::RealSlicer	BB[40,4]
877	base::RealSlicer	BB[39,4]
878	base::RealSlicer	BB[38,4]
879	base::RealSlicer	BB[37,4]
880	base::RealSlicer	BB[36,4]
881	base::RealSlicer	BB[35,4]
882	base::RealSlicer	BB[34,4]
883	base::RealSlicer	BB[33,4]
884	base::RealSlicer	BB[32,4]
885	base::RealSlicer	BB[31,4]
886	base::RealSlicer	BB[30,4]
887	base::RealSlicer	BB[29,4]
888	base::RealSlicer	BB[28,4]
889	base::RealSlicer	BB[27,4]
890	base::RealSlicer	BB[26,4]
891	base::RealSlicer	BB[25,4]
892	base::RealSlicer	BB[24,4]
893	base::RealSlicer	BB[23,4]
894	base::RealSlicer	BB[22,4]
895	base::RealSlicer	BB[21,4]
896	base::RealSlicer	BB[20,4]
897	base::RealSlicer	BB[19,4]
898	base::RealSlicer	BB[18,4]
899	base::RealSlicer	BB[17,4]
900	base::RealSlicer	BB[16,4]
901	base::RealSlicer	BB[15,4]
902	base::RealSlicer	BB[14,4]
903	base::RealSlicer	BB[13,4]
904	base::RealSlicer	BB[12,4]
905	base::RealSlicer	BB[11,4]
906	base::RealSlicer	BB[10,4]
907	base::RealSlicer	BB[9,4]
908	base::RealSlicer	BB[8,4]
909	base::RealSlicer	BB[7,4]
910	base::RealSlicer	BB[6,4]
911	base::RealSlicer	BB[5,4]
912	base::RealSlicer	BB[4,4]
913	base::RealSlicer	BB[3,4]
914	base::RealSlicer	BB[2,4]
915	base::RealSlicer	BB[1,4]
916	base::RealSlicer	BB[61,3]
917	base::RealSlicer	BB[60,3]
918	base::RealSlicer	BB[59,3]
919	base::RealSlicer	BB[58,3]
920	base::RealSlicer	BB[57,3]
921	base::RealSlicer	BB[56,3]
922	base::RealSlicer	BB[55,3]
923	base::RealSlicer	BB[54,3]
924	base::RealSlicer	BB[53,3]
925	base::RealSlicer	BB[52,3]
926	base::RealSlicer	BB[51,3]
927	base::RealSlicer	BB[50,3]
928	base::RealSlicer	BB[49,3]
929	base::RealSlicer	BB[48,3]
930	base::RealSlicer	BB[47,3]
931	base::RealSlicer	BB[46,3]
932	base::RealSlicer	BB[45,3]
933	base::RealSlicer	BB[44,3]
934	base::RealSlicer	BB[43,3]
935	base::RealSlicer	BB[42,3]
936	base::RealSlicer	BB[41,3]
937	base::RealSlicer	BB[40,3]
938	base::RealSlicer	BB[39,3]
939	base::RealSlicer	BB[38,3]
940	base::RealSlicer	BB[37,3]
941	base::RealSlicer	BB[36,3]
942	base::RealSlicer	BB[35,3]
943	base::RealSlicer	BB[34,3]
944	base::RealSlicer	BB[33,3]
945	base::RealSlicer	BB[32,3]
946	base::RealSlicer	BB[31,3]
947	base::RealSlicer	BB[30,3]
948	base::RealSlicer	BB[29,3]
949	base::RealSlicer	BB[28,3]
950	base::RealSlicer	BB[27,3]
951	base::RealSlicer	BB[26,3]
952	base::RealSlicer	BB[25,3]
953	base::RealSlicer	BB[24,3]
954	base::RealSlicer	BB[23,3]
955	base::RealSlicer	BB[22,3]
956	base::RealSlicer	BB[21,3]
957	base::RealSlicer	BB[20,3]
958	base::RealSlicer	BB[19,3]
959	base::RealSlicer	BB[18,3]
960	base::RealSlicer	BB[17,3]
961	base::RealSlicer	BB[16,3]
962	base::RealSlicer	BB[15,3]
963	base::RealSlicer	BB[14,3]
964	base::RealSlicer	BB[13,3]
965	base::RealSlicer	BB[12,3]
966	base::RealSlicer	BB[11,3]
967	base::RealSlicer	BB[10,3]
968	base::RealSlicer	BB[9,3]
969	base::RealSlicer	BB[8,3]
970	base::RealSlicer	BB[7,3]
971	base::RealSlicer	BB[6,3]
972	base::RealSlicer	BB[5,3]
973	base::RealSlicer	BB[4,3]
974	base::RealSlicer	BB[3,3]
975	base::RealSlicer	BB[2,3]
976	base::RealSlicer	BB[1,3]
977	base::RealSlicer	BB[61,2]
978	base::RealSlicer	BB[60,2]
979	base::RealSlicer	BB[59,2]
980	base::RealSlicer	BB[58,2]
981	base::RealSlicer	BB[57,2]
982	base::RealSlicer	BB[56,2]
983	base::RealSlicer	BB[55,2]
984	base::RealSlicer	BB[54,2]
985	base::RealSlicer	BB[53,2]
986	base::RealSlicer	BB[52,2]
987	base::RealSlicer	BB[51,2]
988	base::RealSlicer	BB[50,2]
989	base::RealSlicer	BB[49,2]
990	base::RealSlicer	BB[48,2]
991	base::RealSlicer	BB[47,2]
992	base::RealSlicer	BB[46,2]
993	base::RealSlicer	BB[45,2]
994	base::RealSlicer	BB[44,2]
995	base::RealSlicer	BB[43,2]
996	base::RealSlicer	BB[42,2]
997	base::RealSlicer	BB[41,2]
998	base::RealSlicer	BB[40,2]
999	base::RealSlicer	BB[39,2]
1000	base::RealSlicer	BB[38,2]
1001	base::RealSlicer	BB[37,2]
1002	base::RealSlicer	BB[36,2]
1003	base::RealSlicer	BB[35,2]
1004	base::RealSlicer	BB[34,2]
1005	base::RealSlicer	BB[33,2]
1006	base::RealSlicer	BB[32,2]
1007	base::RealSlicer	BB[31,2]
1008	base::RealSlicer	BB[30,2]
1009	base::RealSlicer	BB[29,2]
1010	base::RealSlicer	BB[28,2]
1011	base::RealSlicer	BB[27,2]
1012	base::RealSlicer	BB[26,2]
1013	base::RealSlicer	BB[25,2]
1014	base::RealSlicer	BB[24,2]
1015	base::RealSlicer	BB[23,2]
1016	base::RealSlicer	BB[22,2]
1017	base::RealSlicer	BB[21,2]
1018	base::RealSlicer	BB[20,2]
1019	base::RealSlicer	BB[19,2]
1020	base::RealSlicer	BB[18,2]
1021	base::RealSlicer	BB[17,2]
1022	base::RealSlicer	BB[16,2]
1023	base::RealSlicer	BB[15,2]
1024	base::RealSlicer	BB[14,2]
1025	base::RealSlicer	BB[13,2]
1026	base::RealSlicer	BB[12,2]
1027	base::RealSlicer	BB[11,2]
1028	base::RealSlicer	BB[10,2]
1029	base::RealSlicer	BB[9,2]
1030	base::RealSlicer	BB[8,2]
1031	base::RealSlicer	BB[7,2]
1032	base::RealSlicer	BB[6,2]
1033	base::RealSlicer	BB[5,2]
1034	base::RealSlicer	BB[4,2]
1035	base::RealSlicer	BB[3,2]
1036	base::RealSlicer	BB[2,2]
1037	base::RealSlicer	BB[1,2]
1038	base::RealSlicer	BB[61,1]
1039	base::RealSlicer	BB[60,1]
1040	base::RealSlicer	BB[59,1]
1041	base::RealSlicer	BB[58,1]
1042	base::RealSlicer	BB[57,1]
1043	base::RealSlicer	BB[56,1]
1044	base::RealSlicer	BB[55,1]
1045	base::RealSlicer	BB[54,1]
1046	base::RealSlicer	BB[53,1]
1047	base::RealSlicer	BB[52,1]
1048	base::RealSlicer	BB[51,1]
1049	base::RealSlicer	BB[50,1]
1050	base::RealSlicer	BB[49,1]
1051	base::RealSlicer	BB[48,1]
1052	base::RealSlicer	BB[47,1]
1053	base::RealSlicer	BB[46,1]
1054	base::RealSlicer	BB[45,1]
1055	base::RealSlicer	BB[44,1]
1056	base::RealSlicer	BB[43,1]
1057	base::RealSlicer	BB[42,1]
1058	base::RealSlicer	BB[41,1]
1059	base::RealSlicer	BB[40,1]
1060	base::RealSlicer	BB[39,1]
1061	base::RealSlicer	BB[38,1]
1062	base::RealSlicer	BB[37,1]
1063	base::RealSlicer	BB[36,1]
1064	base::RealSlicer	BB[35,1]
1065	base::RealSlicer	BB[34,1]
1066	base::RealSlicer	BB[33,1]
1067	base::RealSlicer	BB[32,1]
1068	base::RealSlicer	BB[31,1]
1069	base::RealSlicer	BB[30,1]
1070	base::RealSlicer	BB[29,1]
1071	base::RealSlicer	BB[28,1]
1072	base::RealSlicer	BB[27,1]
1073	base::RealSlicer	BB[26,1]
1074	base::RealSlicer	BB[25,1]
1075	base::RealSlicer	BB[24,1]
1076	bugs::ConjugateNormal	aB
1077	base::RealSlicer	bB
1078	base::RealSlicer	sdBB
1079	base::RealSlicer	etaB
1080	base::RealSlicer	LNtot[9]
1081	base::RealSlicer	LNtot[8]
1082	base::RealSlicer	LNtot[7]
1083	base::RealSlicer	LNtot[6]
1084	base::RealSlicer	LNtot[5]
1085	base::RealSlicer	LNtot[4]
1086	base::RealSlicer	LNtot[3]
1087	base::RealSlicer	LNtot[2]
1088	base::RealSlicer	LNtot[1]
1089	base::RealSlicer	P[60,9]
1090	base::RealSlicer	P[59,9]
1091	base::RealSlicer	P[58,9]
1092	base::RealSlicer	P[57,9]
1093	base::RealSlicer	P[56,9]
1094	base::RealSlicer	P[55,9]
1095	base::RealSlicer	P[54,9]
1096	base::RealSlicer	P[53,9]
1097	base::RealSlicer	P[52,9]
1098	base::RealSlicer	P[51,9]
1099	base::RealSlicer	P[50,9]
1100	base::RealSlicer	P[49,9]
1101	base::RealSlicer	P[48,9]
1102	base::RealSlicer	P[47,9]
1103	base::RealSlicer	P[46,9]
1104	base::RealSlicer	P[45,9]
1105	base::RealSlicer	P[44,9]
1106	base::RealSlicer	P[43,9]
1107	base::RealSlicer	P[42,9]
1108	base::RealSlicer	P[41,9]
1109	base::RealSlicer	P[40,9]
1110	base::RealSlicer	P[39,9]
1111	base::RealSlicer	P[38,9]
1112	base::RealSlicer	P[37,9]
1113	base::RealSlicer	P[36,9]
1114	base::RealSlicer	P[35,9]
1115	base::RealSlicer	P[34,9]
1116	base::RealSlicer	P[33,9]
1117	base::RealSlicer	P[32,9]
1118	base::RealSlicer	P[31,9]
1119	base::RealSlicer	P[30,9]
1120	base::RealSlicer	P[29,9]
1121	base::RealSlicer	P[28,9]
1122	base::RealSlicer	P[27,9]
1123	base::RealSlicer	P[26,9]
1124	base::RealSlicer	P[25,9]
1125	base::RealSlicer	P[24,9]
1126	base::RealSlicer	P[23,9]
1127	base::RealSlicer	P[22,9]
1128	base::RealSlicer	P[21,9]
1129	base::RealSlicer	P[20,9]
1130	base::RealSlicer	P[19,9]
1131	base::RealSlicer	P[18,9]
1132	base::RealSlicer	P[17,9]
1133	base::RealSlicer	P[16,9]
1134	base::RealSlicer	P[15,9]
1135	base::RealSlicer	P[14,9]
1136	base::RealSlicer	P[13,9]
1137	base::RealSlicer	P[12,9]
1138	base::RealSlicer	P[11,9]
1139	base::RealSlicer	P[10,9]
1140	base::RealSlicer	P[9,9]
1141	base::RealSlicer	P[8,9]
1142	base::RealSlicer	P[7,9]
1143	base::RealSlicer	P[6,9]
1144	base::RealSlicer	P[5,9]
1145	base::RealSlicer	P[4,9]
1146	base::RealSlicer	P[3,9]
1147	base::RealSlicer	P[2,9]
1148	base::RealSlicer	P[1,9]
1149	base::RealSlicer	P[60,8]
1150	base::RealSlicer	P[59,8]
1151	base::RealSlicer	P[58,8]
1152	base::RealSlicer	P[57,8]
1153	base::RealSlicer	P[56,8]
1154	base::RealSlicer	P[55,8]
1155	base::RealSlicer	P[54,8]
1156	base::RealSlicer	P[53,8]
1157	base::RealSlicer	P[52,8]
1158	base::RealSlicer	P[51,8]
1159	base::RealSlicer	P[50,8]
1160	base::RealSlicer	P[49,8]
1161	base::RealSlicer	P[48,8]
1162	base::RealSlicer	P[47,8]
1163	base::RealSlicer	P[46,8]
1164	base::RealSlicer	P[45,8]
1165	base::RealSlicer	P[44,8]
1166	base::RealSlicer	P[43,8]
1167	base::RealSlicer	P[42,8]
1168	base::RealSlicer	P[41,8]
1169	base::RealSlicer	P[40,8]
1170	base::RealSlicer	P[39,8]
1171	base::RealSlicer	P[38,8]
1172	base::RealSlicer	P[37,8]
1173	base::RealSlicer	P[36,8]
1174	base::RealSlicer	P[35,8]
1175	base::RealSlicer	P[34,8]
1176	base::RealSlicer	P[33,8]
1177	base::RealSlicer	P[32,8]
1178	base::RealSlicer	P[31,8]
1179	base::RealSlicer	P[30,8]
1180	base::RealSlicer	P[29,8]
1181	base::RealSlicer	P[28,8]
1182	base::RealSlicer	P[27,8]
1183	base::RealSlicer	P[26,8]
1184	base::RealSlicer	P[25,8]
1185	base::RealSlicer	P[24,8]
1186	base::RealSlicer	P[23,8]
1187	base::RealSlicer	P[22,8]
1188	base::RealSlicer	P[21,8]
1189	base::RealSlicer	P[20,8]
1190	base::RealSlicer	P[19,8]
1191	base::RealSlicer	P[18,8]
1192	base::RealSlicer	P[17,8]
1193	base::RealSlicer	P[16,8]
1194	base::RealSlicer	P[15,8]
1195	base::RealSlicer	P[14,8]
1196	base::RealSlicer	P[13,8]
1197	base::RealSlicer	P[12,8]
1198	base::RealSlicer	P[11,8]
1199	base::RealSlicer	P[10,8]
1200	base::RealSlicer	P[9,8]
1201	base::RealSlicer	P[8,8]
1202	base::RealSlicer	P[7,8]
1203	base::RealSlicer	P[6,8]
1204	base::RealSlicer	P[5,8]
1205	base::RealSlicer	P[4,8]
1206	base::RealSlicer	P[3,8]
1207	base::RealSlicer	P[2,8]
1208	base::RealSlicer	P[1,8]
1209	base::RealSlicer	P[60,7]
1210	base::RealSlicer	P[59,7]
1211	base::RealSlicer	P[58,7]
1212	base::RealSlicer	P[57,7]
1213	base::RealSlicer	P[56,7]
1214	base::RealSlicer	P[55,7]
1215	base::RealSlicer	P[54,7]
1216	base::RealSlicer	P[53,7]
1217	base::RealSlicer	P[52,7]
1218	base::RealSlicer	P[51,7]
1219	base::RealSlicer	P[50,7]
1220	base::RealSlicer	P[49,7]
1221	base::RealSlicer	P[48,7]
1222	base::RealSlicer	P[47,7]
1223	base::RealSlicer	P[46,7]
1224	base::RealSlicer	P[45,7]
1225	base::RealSlicer	P[44,7]
1226	base::RealSlicer	P[43,7]
1227	base::RealSlicer	P[42,7]
1228	base::RealSlicer	P[41,7]
1229	base::RealSlicer	P[40,7]
1230	base::RealSlicer	P[39,7]
1231	base::RealSlicer	P[38,7]
1232	base::RealSlicer	P[37,7]
1233	base::RealSlicer	P[36,7]
1234	base::RealSlicer	P[35,7]
1235	base::RealSlicer	P[34,7]
1236	base::RealSlicer	P[33,7]
1237	base::RealSlicer	P[32,7]
1238	base::RealSlicer	P[31,7]
1239	base::RealSlicer	P[30,7]
1240	base::RealSlicer	P[29,7]
1241	base::RealSlicer	P[28,7]
1242	base::RealSlicer	P[27,7]
1243	base::RealSlicer	P[26,7]
1244	base::RealSlicer	P[25,7]
1245	base::RealSlicer	P[24,7]
1246	base::RealSlicer	P[23,7]
1247	base::RealSlicer	P[22,7]
1248	base::RealSlicer	P[21,7]
1249	base::RealSlicer	P[20,7]
1250	base::RealSlicer	P[19,7]
1251	base::RealSlicer	P[18,7]
1252	base::RealSlicer	P[17,7]
1253	base::RealSlicer	P[16,7]
1254	base::RealSlicer	P[15,7]
1255	base::RealSlicer	P[14,7]
1256	base::RealSlicer	P[13,7]
1257	base::RealSlicer	P[12,7]
1258	base::RealSlicer	P[11,7]
1259	base::RealSlicer	P[10,7]
1260	base::RealSlicer	P[9,7]
1261	base::RealSlicer	P[8,7]
1262	base::RealSlicer	P[7,7]
1263	base::RealSlicer	P[6,7]
1264	base::RealSlicer	P[5,7]
1265	base::RealSlicer	P[4,7]
1266	base::RealSlicer	P[3,7]
1267	base::RealSlicer	P[2,7]
1268	base::RealSlicer	P[1,7]
1269	base::RealSlicer	P[60,6]
1270	base::RealSlicer	P[59,6]
1271	base::RealSlicer	P[58,6]
1272	base::RealSlicer	P[57,6]
1273	base::RealSlicer	P[56,6]
1274	base::RealSlicer	P[55,6]
1275	base::RealSlicer	P[54,6]
1276	base::RealSlicer	P[53,6]
1277	base::RealSlicer	P[52,6]
1278	base::RealSlicer	P[51,6]
1279	base::RealSlicer	P[50,6]
1280	base::RealSlicer	P[49,6]
1281	base::RealSlicer	P[48,6]
1282	base::RealSlicer	P[47,6]
1283	base::RealSlicer	P[46,6]
1284	base::RealSlicer	P[45,6]
1285	base::RealSlicer	P[44,6]
1286	base::RealSlicer	P[43,6]
1287	base::RealSlicer	P[42,6]
1288	base::RealSlicer	P[41,6]
1289	base::RealSlicer	P[40,6]
1290	base::RealSlicer	P[39,6]
1291	base::RealSlicer	P[38,6]
1292	base::RealSlicer	P[37,6]
1293	base::RealSlicer	P[36,6]
1294	base::RealSlicer	P[35,6]
1295	base::RealSlicer	P[34,6]
1296	base::RealSlicer	P[33,6]
1297	base::RealSlicer	P[32,6]
1298	base::RealSlicer	P[31,6]
1299	base::RealSlicer	P[30,6]
1300	base::RealSlicer	P[29,6]
1301	base::RealSlicer	P[28,6]
1302	base::RealSlicer	P[27,6]
1303	base::RealSlicer	P[26,6]
1304	base::RealSlicer	P[25,6]
1305	base::RealSlicer	P[24,6]
1306	base::RealSlicer	P[23,6]
1307	base::RealSlicer	P[22,6]
1308	base::RealSlicer	P[21,6]
1309	base::RealSlicer	P[20,6]
1310	base::RealSlicer	P[19,6]
1311	base::RealSlicer	P[18,6]
1312	base::RealSlicer	P[17,6]
1313	base::RealSlicer	P[16,6]
1314	base::RealSlicer	P[15,6]
1315	base::RealSlicer	P[14,6]
1316	base::RealSlicer	P[13,6]
1317	base::RealSlicer	P[12,6]
1318	base::RealSlicer	P[11,6]
1319	base::RealSlicer	P[10,6]
1320	base::RealSlicer	P[9,6]
1321	base::RealSlicer	P[8,6]
1322	base::RealSlicer	P[7,6]
1323	base::RealSlicer	P[6,6]
1324	base::RealSlicer	P[5,6]
1325	base::RealSlicer	P[4,6]
1326	base::RealSlicer	P[3,6]
1327	base::RealSlicer	P[2,6]
1328	base::RealSlicer	P[1,6]
1329	base::RealSlicer	P[60,5]
1330	base::RealSlicer	P[59,5]
1331	base::RealSlicer	P[58,5]
1332	base::RealSlicer	P[57,5]
1333	base::RealSlicer	P[56,5]
1334	base::RealSlicer	P[55,5]
1335	base::RealSlicer	P[54,5]
1336	base::RealSlicer	P[53,5]
1337	base::RealSlicer	P[52,5]
1338	base::RealSlicer	P[51,5]
1339	base::RealSlicer	P[50,5]
1340	base::RealSlicer	P[49,5]
1341	base::RealSlicer	P[48,5]
1342	base::RealSlicer	P[47,5]
1343	base::RealSlicer	P[46,5]
1344	base::RealSlicer	P[45,5]
1345	base::RealSlicer	P[44,5]
1346	base::RealSlicer	P[43,5]
1347	base::RealSlicer	P[42,5]
1348	base::RealSlicer	P[41,5]
1349	base::RealSlicer	P[40,5]
1350	base::RealSlicer	P[39,5]
1351	base::RealSlicer	P[38,5]
1352	base::RealSlicer	P[37,5]
1353	base::RealSlicer	P[36,5]
1354	base::RealSlicer	P[35,5]
1355	base::RealSlicer	P[34,5]
1356	base::RealSlicer	P[33,5]
1357	base::RealSlicer	P[32,5]
1358	base::RealSlicer	P[31,5]
1359	base::RealSlicer	P[30,5]
1360	base::RealSlicer	P[29,5]
1361	base::RealSlicer	P[28,5]
1362	base::RealSlicer	P[27,5]
1363	base::RealSlicer	P[26,5]
1364	base::RealSlicer	P[25,5]
1365	base::RealSlicer	P[24,5]
1366	base::RealSlicer	P[23,5]
1367	base::RealSlicer	P[22,5]
1368	base::RealSlicer	P[21,5]
1369	base::RealSlicer	P[20,5]
1370	base::RealSlicer	P[19,5]
1371	base::RealSlicer	P[18,5]
1372	base::RealSlicer	P[17,5]
1373	base::RealSlicer	P[16,5]
1374	base::RealSlicer	P[15,5]
1375	base::RealSlicer	P[14,5]
1376	base::RealSlicer	P[13,5]
1377	base::RealSlicer	P[12,5]
1378	base::RealSlicer	P[11,5]
1379	base::RealSlicer	P[10,5]
1380	base::RealSlicer	P[9,5]
1381	base::RealSlicer	P[8,5]
1382	base::RealSlicer	P[7,5]
1383	base::RealSlicer	P[6,5]
1384	base::RealSlicer	P[5,5]
1385	base::RealSlicer	P[4,5]
1386	base::RealSlicer	P[3,5]
1387	base::RealSlicer	P[2,5]
1388	base::RealSlicer	P[1,5]
1389	base::RealSlicer	P[60,4]
1390	base::RealSlicer	P[59,4]
1391	base::RealSlicer	P[58,4]
1392	base::RealSlicer	P[57,4]
1393	base::RealSlicer	P[56,4]
1394	base::RealSlicer	P[55,4]
1395	base::RealSlicer	P[54,4]
1396	base::RealSlicer	P[53,4]
1397	base::RealSlicer	P[52,4]
1398	base::RealSlicer	P[51,4]
1399	base::RealSlicer	P[50,4]
1400	base::RealSlicer	P[49,4]
1401	base::RealSlicer	P[48,4]
1402	base::RealSlicer	P[47,4]
1403	base::RealSlicer	P[46,4]
1404	base::RealSlicer	P[45,4]
1405	base::RealSlicer	P[44,4]
1406	base::RealSlicer	P[43,4]
1407	base::RealSlicer	P[42,4]
1408	base::RealSlicer	P[41,4]
1409	base::RealSlicer	P[40,4]
1410	base::RealSlicer	P[39,4]
1411	base::RealSlicer	P[38,4]
1412	base::RealSlicer	P[37,4]
1413	base::RealSlicer	P[36,4]
1414	base::RealSlicer	P[35,4]
1415	base::RealSlicer	P[34,4]
1416	base::RealSlicer	P[33,4]
1417	base::RealSlicer	P[32,4]
1418	base::RealSlicer	P[31,4]
1419	base::RealSlicer	P[30,4]
1420	base::RealSlicer	P[29,4]
1421	base::RealSlicer	P[28,4]
1422	base::RealSlicer	P[27,4]
1423	base::RealSlicer	P[26,4]
1424	base::RealSlicer	P[25,4]
1425	base::RealSlicer	P[24,4]
1426	base::RealSlicer	P[23,4]
1427	base::RealSlicer	P[22,4]
1428	base::RealSlicer	P[21,4]
1429	base::RealSlicer	P[20,4]
1430	base::RealSlicer	P[19,4]
1431	base::RealSlicer	P[18,4]
1432	base::RealSlicer	P[17,4]
1433	base::RealSlicer	P[16,4]
1434	base::RealSlicer	P[15,4]
1435	base::RealSlicer	P[14,4]
1436	base::RealSlicer	P[13,4]
1437	base::RealSlicer	P[12,4]
1438	base::RealSlicer	P[11,4]
1439	base::RealSlicer	P[10,4]
1440	base::RealSlicer	P[9,4]
1441	base::RealSlicer	P[8,4]
1442	base::RealSlicer	P[7,4]
1443	base::RealSlicer	P[6,4]
1444	base::RealSlicer	P[5,4]
1445	base::RealSlicer	P[4,4]
1446	base::RealSlicer	P[3,4]
1447	base::RealSlicer	P[2,4]
1448	base::RealSlicer	P[1,4]
1449	base::RealSlicer	P[60,3]
1450	base::RealSlicer	P[59,3]
1451	base::RealSlicer	P[58,3]
1452	base::RealSlicer	P[57,3]
1453	base::RealSlicer	P[56,3]
1454	base::RealSlicer	P[55,3]
1455	base::RealSlicer	P[54,3]
1456	base::RealSlicer	P[53,3]
1457	base::RealSlicer	P[52,3]
1458	base::RealSlicer	P[51,3]
1459	base::RealSlicer	P[50,3]
1460	base::RealSlicer	P[49,3]
1461	base::RealSlicer	P[48,3]
1462	base::RealSlicer	P[47,3]
1463	base::RealSlicer	P[46,3]
1464	base::RealSlicer	P[45,3]
1465	base::RealSlicer	P[44,3]
1466	base::RealSlicer	P[43,3]
1467	base::RealSlicer	P[42,3]
1468	base::RealSlicer	P[41,3]
1469	base::RealSlicer	P[40,3]
1470	base::RealSlicer	P[39,3]
1471	base::RealSlicer	P[38,3]
1472	base::RealSlicer	P[37,3]
1473	base::RealSlicer	P[36,3]
1474	base::RealSlicer	P[35,3]
1475	base::RealSlicer	P[34,3]
1476	base::RealSlicer	P[33,3]
1477	base::RealSlicer	P[32,3]
1478	base::RealSlicer	P[31,3]
1479	base::RealSlicer	P[30,3]
1480	base::RealSlicer	P[29,3]
1481	base::RealSlicer	P[28,3]
1482	base::RealSlicer	P[27,3]
1483	base::RealSlicer	P[26,3]
1484	base::RealSlicer	P[25,3]
1485	base::RealSlicer	P[24,3]
1486	base::RealSlicer	P[23,3]
1487	base::RealSlicer	P[22,3]
1488	base::RealSlicer	P[21,3]
1489	base::RealSlicer	P[20,3]
1490	base::RealSlicer	P[19,3]
1491	base::RealSlicer	P[18,3]
1492	base::RealSlicer	P[17,3]
1493	base::RealSlicer	P[16,3]
1494	base::RealSlicer	P[15,3]
1495	base::RealSlicer	P[14,3]
1496	base::RealSlicer	P[13,3]
1497	base::RealSlicer	P[12,3]
1498	base::RealSlicer	P[11,3]
1499	base::RealSlicer	P[10,3]
1500	base::RealSlicer	P[9,3]
1501	base::RealSlicer	P[8,3]
1502	base::RealSlicer	P[7,3]
1503	base::RealSlicer	P[6,3]
1504	base::RealSlicer	P[5,3]
1505	base::RealSlicer	P[4,3]
1506	base::RealSlicer	P[3,3]
1507	base::RealSlicer	P[2,3]
1508	base::RealSlicer	P[1,3]
1509	base::RealSlicer	P[60,2]
1510	base::RealSlicer	P[59,2]
1511	base::RealSlicer	P[58,2]
1512	base::RealSlicer	P[57,2]
1513	base::RealSlicer	P[56,2]
1514	base::RealSlicer	P[55,2]
1515	base::RealSlicer	P[54,2]
1516	base::RealSlicer	P[53,2]
1517	base::RealSlicer	P[52,2]
1518	base::RealSlicer	P[51,2]
1519	base::RealSlicer	P[50,2]
1520	base::RealSlicer	P[49,2]
1521	base::RealSlicer	P[48,2]
1522	base::RealSlicer	P[47,2]
1523	base::RealSlicer	P[46,2]
1524	base::RealSlicer	P[45,2]
1525	base::RealSlicer	P[44,2]
1526	base::RealSlicer	P[43,2]
1527	base::RealSlicer	P[42,2]
1528	base::RealSlicer	P[41,2]
1529	base::RealSlicer	P[40,2]
1530	base::RealSlicer	P[39,2]
1531	base::RealSlicer	P[38,2]
1532	base::RealSlicer	P[37,2]
1533	base::RealSlicer	P[36,2]
1534	base::RealSlicer	P[35,2]
1535	base::RealSlicer	P[34,2]
1536	base::RealSlicer	P[33,2]
1537	base::RealSlicer	P[32,2]
1538	base::RealSlicer	P[31,2]
1539	base::RealSlicer	P[30,2]
1540	base::RealSlicer	P[29,2]
1541	base::RealSlicer	P[28,2]
1542	base::RealSlicer	P[27,2]
1543	base::RealSlicer	P[26,2]
1544	base::RealSlicer	P[25,2]
1545	base::RealSlicer	P[24,2]
1546	base::RealSlicer	P[23,2]
1547	base::RealSlicer	P[22,2]
1548	base::RealSlicer	P[21,2]
1549	base::RealSlicer	P[20,2]
1550	base::RealSlicer	P[19,2]
1551	base::RealSlicer	P[18,2]
1552	base::RealSlicer	P[17,2]
1553	base::RealSlicer	P[16,2]
1554	base::RealSlicer	P[15,2]
1555	base::RealSlicer	P[14,2]
1556	base::RealSlicer	P[13,2]
1557	base::RealSlicer	P[12,2]
1558	base::RealSlicer	P[11,2]
1559	base::RealSlicer	P[10,2]
1560	base::RealSlicer	P[9,2]
1561	base::RealSlicer	P[8,2]
1562	base::RealSlicer	P[7,2]
1563	base::RealSlicer	P[6,2]
1564	base::RealSlicer	P[5,2]
1565	base::RealSlicer	P[4,2]
1566	base::RealSlicer	P[3,2]
1567	base::RealSlicer	P[2,2]
1568	base::RealSlicer	P[1,2]
1569	base::RealSlicer	P[60,1]
1570	base::RealSlicer	P[59,1]
1571	base::RealSlicer	P[58,1]
1572	base::RealSlicer	P[57,1]
1573	base::RealSlicer	P[56,1]
1574	base::RealSlicer	P[55,1]
1575	base::RealSlicer	P[54,1]
1576	base::RealSlicer	P[53,1]
1577	base::RealSlicer	P[52,1]
1578	base::RealSlicer	P[51,1]
1579	base::RealSlicer	P[50,1]
1580	base::RealSlicer	P[49,1]
1581	base::RealSlicer	P[48,1]
1582	base::RealSlicer	P[47,1]
1583	base::RealSlicer	P[46,1]
1584	base::RealSlicer	P[45,1]
1585	base::RealSlicer	P[44,1]
1586	base::RealSlicer	P[43,1]
1587	base::RealSlicer	P[42,1]
1588	base::RealSlicer	P[41,1]
1589	base::RealSlicer	P[40,1]
1590	base::RealSlicer	P[39,1]
1591	base::RealSlicer	P[38,1]
1592	base::RealSlicer	P[37,1]
1593	base::RealSlicer	P[36,1]
1594	base::RealSlicer	P[35,1]
1595	base::RealSlicer	P[34,1]
1596	base::RealSlicer	P[33,1]
1597	base::RealSlicer	P[32,1]
1598	base::RealSlicer	P[31,1]
1599	base::RealSlicer	P[30,1]
1600	base::RealSlicer	P[29,1]
1601	base::RealSlicer	P[28,1]
1602	base::RealSlicer	P[27,1]
1603	base::RealSlicer	P[26,1]
1604	base::RealSlicer	P[25,1]
1605	base::RealSlicer	P[24,1]
1606	base::RealSlicer	P[23,1]
1607	base::RealSlicer	P[22,1]
1608	base::RealSlicer	P[21,1]
1609	base::RealSlicer	P[20,1]
1610	base::RealSlicer	P[19,1]
1611	base::RealSlicer	P[18,1]
1612	base::RealSlicer	P[17,1]
1613	base::RealSlicer	P[16,1]
1614	base::RealSlicer	P[15,1]
1615	base::RealSlicer	P[14,1]
1616	base::RealSlicer	P[13,1]
1617	base::RealSlicer	P[12,1]
1618	base::RealSlicer	P[11,1]
1619	base::RealSlicer	P[10,1]
1620	base::RealSlicer	P[9,1]
1621	base::RealSlicer	P[8,1]
1622	base::RealSlicer	P[7,1]
1623	base::RealSlicer	P[6,1]
1624	base::RealSlicer	P[5,1]
1625	base::RealSlicer	P[4,1]
1626	base::RealSlicer	P[3,1]
1627	base::RealSlicer	P[2,1]
1628	base::RealSlicer	P[1,1]
1629	base::RealSlicer	muD[61,9]
1630	base::RealSlicer	muD[60,9]
1631	base::RealSlicer	muD[59,9]
1632	base::RealSlicer	muD[58,9]
1633	base::RealSlicer	muD[57,9]
1634	base::RealSlicer	muD[56,9]
1635	base::RealSlicer	muD[55,9]
1636	base::RealSlicer	muD[54,9]
1637	base::RealSlicer	muD[53,9]
1638	base::RealSlicer	muD[52,9]
1639	base::RealSlicer	muD[51,9]
1640	base::RealSlicer	muD[50,9]
1641	base::RealSlicer	muD[49,9]
1642	base::RealSlicer	muD[48,9]
1643	base::RealSlicer	muD[47,9]
1644	base::RealSlicer	muD[46,9]
1645	base::RealSlicer	muD[45,9]
1646	base::RealSlicer	muD[44,9]
1647	base::RealSlicer	muD[43,9]
1648	base::RealSlicer	muD[42,9]
1649	base::RealSlicer	muD[41,9]
1650	base::RealSlicer	muD[40,9]
1651	base::RealSlicer	muD[39,9]
1652	base::RealSlicer	muD[38,9]
1653	base::RealSlicer	muD[37,9]
1654	base::RealSlicer	muD[36,9]
1655	base::RealSlicer	muD[35,9]
1656	base::RealSlicer	muD[34,9]
1657	base::RealSlicer	muD[33,9]
1658	base::RealSlicer	muD[32,9]
1659	base::RealSlicer	muD[31,9]
1660	base::RealSlicer	muD[30,9]
1661	base::RealSlicer	muD[29,9]
1662	base::RealSlicer	muD[28,9]
1663	base::RealSlicer	muD[27,9]
1664	base::RealSlicer	muD[26,9]
1665	base::RealSlicer	muD[25,9]
1666	base::RealSlicer	muD[24,9]
1667	base::RealSlicer	muD[23,9]
1668	base::RealSlicer	muD[22,9]
1669	base::RealSlicer	muD[21,9]
1670	base::RealSlicer	muD[20,9]
1671	base::RealSlicer	muD[19,9]
1672	base::RealSlicer	muD[18,9]
1673	base::RealSlicer	muD[17,9]
1674	base::RealSlicer	muD[16,9]
1675	base::RealSlicer	muD[15,9]
1676	base::RealSlicer	muD[14,9]
1677	base::RealSlicer	muD[13,9]
1678	base::RealSlicer	muD[12,9]
1679	base::RealSlicer	muD[11,9]
1680	base::RealSlicer	muD[10,9]
1681	base::RealSlicer	muD[9,9]
1682	base::RealSlicer	muD[8,9]
1683	base::RealSlicer	muD[7,9]
1684	base::RealSlicer	muD[6,9]
1685	base::RealSlicer	muD[5,9]
1686	base::RealSlicer	muD[4,9]
1687	base::RealSlicer	muD[3,9]
1688	base::RealSlicer	muD[2,9]
1689	base::RealSlicer	muD[1,9]
1690	base::RealSlicer	muD[61,8]
1691	base::RealSlicer	muD[60,8]
1692	base::RealSlicer	muD[59,8]
1693	base::RealSlicer	muD[58,8]
1694	base::RealSlicer	muD[57,8]
1695	base::RealSlicer	muD[56,8]
1696	base::RealSlicer	muD[55,8]
1697	base::RealSlicer	muD[54,8]
1698	base::RealSlicer	muD[53,8]
1699	base::RealSlicer	muD[52,8]
1700	base::RealSlicer	muD[51,8]
1701	base::RealSlicer	muD[50,8]
1702	base::RealSlicer	muD[49,8]
1703	base::RealSlicer	muD[48,8]
1704	base::RealSlicer	muD[47,8]
1705	base::RealSlicer	muD[46,8]
1706	base::RealSlicer	muD[45,8]
1707	base::RealSlicer	muD[44,8]
1708	base::RealSlicer	muD[43,8]
1709	base::RealSlicer	muD[42,8]
1710	base::RealSlicer	muD[41,8]
1711	base::RealSlicer	muD[40,8]
1712	base::RealSlicer	muD[39,8]
1713	base::RealSlicer	muD[38,8]
1714	base::RealSlicer	muD[37,8]
1715	base::RealSlicer	muD[36,8]
1716	base::RealSlicer	muD[35,8]
1717	base::RealSlicer	muD[34,8]
1718	base::RealSlicer	muD[33,8]
1719	base::RealSlicer	muD[32,8]
1720	base::RealSlicer	muD[31,8]
1721	base::RealSlicer	muD[30,8]
1722	base::RealSlicer	muD[29,8]
1723	base::RealSlicer	muD[28,8]
1724	base::RealSlicer	muD[27,8]
1725	base::RealSlicer	muD[26,8]
1726	base::RealSlicer	muD[25,8]
1727	base::RealSlicer	muD[24,8]
1728	base::RealSlicer	muD[23,8]
1729	base::RealSlicer	muD[22,8]
1730	base::RealSlicer	muD[21,8]
1731	base::RealSlicer	muD[20,8]
1732	base::RealSlicer	muD[19,8]
1733	base::RealSlicer	muD[18,8]
1734	base::RealSlicer	muD[17,8]
1735	base::RealSlicer	muD[16,8]
1736	base::RealSlicer	muD[15,8]
1737	base::RealSlicer	muD[14,8]
1738	base::RealSlicer	muD[13,8]
1739	base::RealSlicer	muD[12,8]
1740	base::RealSlicer	muD[11,8]
1741	base::RealSlicer	muD[10,8]
1742	base::RealSlicer	muD[9,8]
1743	base::RealSlicer	muD[8,8]
1744	base::RealSlicer	muD[7,8]
1745	base::RealSlicer	muD[6,8]
1746	base::RealSlicer	muD[5,8]
1747	base::RealSlicer	muD[4,8]
1748	base::RealSlicer	muD[3,8]
1749	base::RealSlicer	muD[2,8]
1750	base::RealSlicer	muD[1,8]
1751	base::RealSlicer	muD[61,7]
1752	base::RealSlicer	muD[60,7]
1753	base::RealSlicer	muD[59,7]
1754	base::RealSlicer	muD[58,7]
1755	base::RealSlicer	muD[57,7]
1756	base::RealSlicer	muD[56,7]
1757	base::RealSlicer	muD[55,7]
1758	base::RealSlicer	muD[54,7]
1759	base::RealSlicer	muD[53,7]
1760	base::RealSlicer	muD[52,7]
1761	base::RealSlicer	muD[51,7]
1762	base::RealSlicer	muD[50,7]
1763	base::RealSlicer	muD[49,7]
1764	base::RealSlicer	muD[48,7]
1765	base::RealSlicer	muD[47,7]
1766	base::RealSlicer	muD[46,7]
1767	base::RealSlicer	muD[45,7]
1768	base::RealSlicer	muD[44,7]
1769	base::RealSlicer	muD[43,7]
1770	base::RealSlicer	muD[42,7]
1771	base::RealSlicer	muD[41,7]
1772	base::RealSlicer	muD[40,7]
1773	base::RealSlicer	muD[39,7]
1774	base::RealSlicer	muD[38,7]
1775	base::RealSlicer	muD[37,7]
1776	base::RealSlicer	muD[36,7]
1777	base::RealSlicer	muD[35,7]
1778	base::RealSlicer	muD[34,7]
1779	base::RealSlicer	muD[33,7]
1780	base::RealSlicer	muD[32,7]
1781	base::RealSlicer	muD[31,7]
1782	base::RealSlicer	muD[30,7]
1783	base::RealSlicer	muD[29,7]
1784	base::RealSlicer	muD[28,7]
1785	base::RealSlicer	muD[27,7]
1786	base::RealSlicer	muD[26,7]
1787	base::RealSlicer	muD[25,7]
1788	base::RealSlicer	muD[24,7]
1789	base::RealSlicer	muD[23,7]
1790	base::RealSlicer	muD[22,7]
1791	base::RealSlicer	muD[21,7]
1792	base::RealSlicer	muD[20,7]
1793	base::RealSlicer	muD[19,7]
1794	base::RealSlicer	muD[18,7]
1795	base::RealSlicer	muD[17,7]
1796	base::RealSlicer	muD[16,7]
1797	base::RealSlicer	muD[15,7]
1798	base::RealSlicer	muD[14,7]
1799	base::RealSlicer	muD[13,7]
1800	base::RealSlicer	muD[12,7]
1801	base::RealSlicer	muD[11,7]
1802	base::RealSlicer	muD[10,7]
1803	base::RealSlicer	muD[9,7]
1804	base::RealSlicer	muD[8,7]
1805	base::RealSlicer	muD[7,7]
1806	base::RealSlicer	muD[6,7]
1807	base::RealSlicer	muD[5,7]
1808	base::RealSlicer	muD[4,7]
1809	base::RealSlicer	muD[3,7]
1810	base::RealSlicer	muD[2,7]
1811	base::RealSlicer	muD[1,7]
1812	base::RealSlicer	muD[61,6]
1813	base::RealSlicer	muD[60,6]
1814	base::RealSlicer	muD[59,6]
1815	base::RealSlicer	muD[58,6]
1816	base::RealSlicer	muD[57,6]
1817	base::RealSlicer	muD[56,6]
1818	base::RealSlicer	muD[55,6]
1819	base::RealSlicer	muD[54,6]
1820	base::RealSlicer	muD[53,6]
1821	base::RealSlicer	muD[52,6]
1822	base::RealSlicer	muD[51,6]
1823	base::RealSlicer	muD[50,6]
1824	base::RealSlicer	muD[49,6]
1825	base::RealSlicer	muD[48,6]
1826	base::RealSlicer	muD[47,6]
1827	base::RealSlicer	muD[46,6]
1828	base::RealSlicer	muD[45,6]
1829	base::RealSlicer	muD[44,6]
1830	base::RealSlicer	muD[43,6]
1831	base::RealSlicer	muD[42,6]
1832	base::RealSlicer	muD[41,6]
1833	base::RealSlicer	muD[40,6]
1834	base::RealSlicer	muD[39,6]
1835	base::RealSlicer	muD[38,6]
1836	base::RealSlicer	muD[37,6]
1837	base::RealSlicer	muD[36,6]
1838	base::RealSlicer	muD[35,6]
1839	base::RealSlicer	muD[34,6]
1840	base::RealSlicer	muD[33,6]
1841	base::RealSlicer	muD[32,6]
1842	base::RealSlicer	muD[31,6]
1843	base::RealSlicer	muD[30,6]
1844	base::RealSlicer	muD[29,6]
1845	base::RealSlicer	muD[28,6]
1846	base::RealSlicer	muD[27,6]
1847	base::RealSlicer	muD[26,6]
1848	base::RealSlicer	muD[25,6]
1849	base::RealSlicer	muD[24,6]
1850	base::RealSlicer	muD[23,6]
1851	base::RealSlicer	muD[22,6]
1852	base::RealSlicer	muD[21,6]
1853	base::RealSlicer	muD[20,6]
1854	base::RealSlicer	muD[19,6]
1855	base::RealSlicer	muD[18,6]
1856	base::RealSlicer	muD[17,6]
1857	base::RealSlicer	muD[16,6]
1858	base::RealSlicer	muD[15,6]
1859	base::RealSlicer	muD[14,6]
1860	base::RealSlicer	muD[13,6]
1861	base::RealSlicer	muD[12,6]
1862	base::RealSlicer	muD[11,6]
1863	base::RealSlicer	muD[10,6]
1864	base::RealSlicer	muD[9,6]
1865	base::RealSlicer	muD[8,6]
1866	base::RealSlicer	muD[7,6]
1867	base::RealSlicer	muD[6,6]
1868	base::RealSlicer	muD[5,6]
1869	base::RealSlicer	muD[4,6]
1870	base::RealSlicer	muD[3,6]
1871	base::RealSlicer	muD[2,6]
1872	base::RealSlicer	muD[1,6]
1873	base::RealSlicer	muD[61,5]
1874	base::RealSlicer	muD[60,5]
1875	base::RealSlicer	muD[59,5]
1876	base::RealSlicer	muD[58,5]
1877	base::RealSlicer	muD[57,5]
1878	base::RealSlicer	muD[56,5]
1879	base::RealSlicer	muD[55,5]
1880	base::RealSlicer	muD[54,5]
1881	base::RealSlicer	muD[53,5]
1882	base::RealSlicer	muD[52,5]
1883	base::RealSlicer	muD[51,5]
1884	base::RealSlicer	muD[50,5]
1885	base::RealSlicer	muD[49,5]
1886	base::RealSlicer	muD[48,5]
1887	base::RealSlicer	muD[47,5]
1888	base::RealSlicer	muD[46,5]
1889	base::RealSlicer	muD[45,5]
1890	base::RealSlicer	muD[44,5]
1891	base::RealSlicer	muD[43,5]
1892	base::RealSlicer	muD[42,5]
1893	base::RealSlicer	muD[41,5]
1894	base::RealSlicer	muD[40,5]
1895	base::RealSlicer	muD[39,5]
1896	base::RealSlicer	muD[38,5]
1897	base::RealSlicer	muD[37,5]
1898	base::RealSlicer	muD[36,5]
1899	base::RealSlicer	muD[35,5]
1900	base::RealSlicer	muD[34,5]
1901	base::RealSlicer	muD[33,5]
1902	base::RealSlicer	muD[32,5]
1903	base::RealSlicer	muD[31,5]
1904	base::RealSlicer	muD[30,5]
1905	base::RealSlicer	muD[29,5]
1906	base::RealSlicer	muD[28,5]
1907	base::RealSlicer	muD[27,5]
1908	base::RealSlicer	muD[26,5]
1909	base::RealSlicer	muD[25,5]
1910	base::RealSlicer	muD[24,5]
1911	base::RealSlicer	muD[23,5]
1912	base::RealSlicer	muD[22,5]
1913	base::RealSlicer	muD[21,5]
1914	base::RealSlicer	muD[20,5]
1915	base::RealSlicer	muD[19,5]
1916	base::RealSlicer	muD[18,5]
1917	base::RealSlicer	muD[17,5]
1918	base::RealSlicer	muD[16,5]
1919	base::RealSlicer	muD[15,5]
1920	base::RealSlicer	muD[14,5]
1921	base::RealSlicer	muD[13,5]
1922	base::RealSlicer	muD[12,5]
1923	base::RealSlicer	muD[11,5]
1924	base::RealSlicer	muD[10,5]
1925	base::RealSlicer	muD[9,5]
1926	base::RealSlicer	muD[8,5]
1927	base::RealSlicer	muD[7,5]
1928	base::RealSlicer	muD[6,5]
1929	base::RealSlicer	muD[5,5]
1930	base::RealSlicer	muD[4,5]
1931	base::RealSlicer	muD[3,5]
1932	base::RealSlicer	muD[2,5]
1933	base::RealSlicer	muD[1,5]
1934	base::RealSlicer	muD[61,4]
1935	base::RealSlicer	muD[60,4]
1936	base::RealSlicer	muD[59,4]
1937	base::RealSlicer	muD[58,4]
1938	base::RealSlicer	muD[57,4]
1939	base::RealSlicer	muD[56,4]
1940	base::RealSlicer	muD[55,4]
1941	base::RealSlicer	muD[54,4]
1942	base::RealSlicer	muD[53,4]
1943	base::RealSlicer	muD[52,4]
1944	base::RealSlicer	muD[51,4]
1945	base::RealSlicer	muD[50,4]
1946	base::RealSlicer	muD[49,4]
1947	base::RealSlicer	muD[48,4]
1948	base::RealSlicer	muD[47,4]
1949	base::RealSlicer	muD[46,4]
1950	base::RealSlicer	muD[45,4]
1951	base::RealSlicer	muD[44,4]
1952	base::RealSlicer	muD[43,4]
1953	base::RealSlicer	muD[42,4]
1954	base::RealSlicer	muD[41,4]
1955	base::RealSlicer	muD[40,4]
1956	base::RealSlicer	muD[39,4]
1957	base::RealSlicer	muD[38,4]
1958	base::RealSlicer	muD[37,4]
1959	base::RealSlicer	muD[36,4]
1960	base::RealSlicer	muD[35,4]
1961	base::RealSlicer	muD[34,4]
1962	base::RealSlicer	muD[33,4]
1963	base::RealSlicer	muD[32,4]
1964	base::RealSlicer	muD[31,4]
1965	base::RealSlicer	muD[30,4]
1966	base::RealSlicer	muD[29,4]
1967	base::RealSlicer	muD[28,4]
1968	base::RealSlicer	muD[27,4]
1969	base::RealSlicer	muD[26,4]
1970	base::RealSlicer	muD[25,4]
1971	base::RealSlicer	muD[24,4]
1972	base::RealSlicer	muD[23,4]
1973	base::RealSlicer	muD[22,4]
1974	base::RealSlicer	muD[21,4]
1975	base::RealSlicer	muD[20,4]
1976	base::RealSlicer	muD[19,4]
1977	base::RealSlicer	muD[18,4]
1978	base::RealSlicer	muD[17,4]
1979	base::RealSlicer	muD[16,4]
1980	base::RealSlicer	muD[15,4]
1981	base::RealSlicer	muD[14,4]
1982	base::RealSlicer	muD[13,4]
1983	base::RealSlicer	muD[12,4]
1984	base::RealSlicer	muD[11,4]
1985	base::RealSlicer	muD[10,4]
1986	base::RealSlicer	muD[9,4]
1987	base::RealSlicer	muD[8,4]
1988	base::RealSlicer	muD[7,4]
1989	base::RealSlicer	muD[6,4]
1990	base::RealSlicer	muD[5,4]
1991	base::RealSlicer	muD[4,4]
1992	base::RealSlicer	muD[3,4]
1993	base::RealSlicer	muD[2,4]
1994	base::RealSlicer	muD[1,4]
1995	base::RealSlicer	muD[61,3]
1996	base::RealSlicer	muD[60,3]
1997	base::RealSlicer	muD[59,3]
1998	base::RealSlicer	muD[58,3]
1999	base::RealSlicer	muD[57,3]
2000	base::RealSlicer	muD[56,3]
2001	base::RealSlicer	muD[55,3]
2002	base::RealSlicer	muD[54,3]
2003	base::RealSlicer	muD[53,3]
2004	base::RealSlicer	muD[52,3]
2005	base::RealSlicer	muD[51,3]
2006	base::RealSlicer	muD[50,3]
2007	base::RealSlicer	muD[49,3]
2008	base::RealSlicer	muD[48,3]
2009	base::RealSlicer	muD[47,3]
2010	base::RealSlicer	muD[46,3]
2011	base::RealSlicer	muD[45,3]
2012	base::RealSlicer	muD[44,3]
2013	base::RealSlicer	muD[43,3]
2014	base::RealSlicer	muD[42,3]
2015	base::RealSlicer	muD[41,3]
2016	base::RealSlicer	muD[40,3]
2017	base::RealSlicer	muD[39,3]
2018	base::RealSlicer	muD[38,3]
2019	base::RealSlicer	muD[37,3]
2020	base::RealSlicer	muD[36,3]
2021	base::RealSlicer	muD[35,3]
2022	base::RealSlicer	muD[34,3]
2023	base::RealSlicer	muD[33,3]
2024	base::RealSlicer	muD[32,3]
2025	base::RealSlicer	muD[31,3]
2026	base::RealSlicer	muD[30,3]
2027	base::RealSlicer	muD[29,3]
2028	base::RealSlicer	muD[28,3]
2029	base::RealSlicer	muD[27,3]
2030	base::RealSlicer	muD[26,3]
2031	base::RealSlicer	muD[25,3]
2032	base::RealSlicer	muD[24,3]
2033	base::RealSlicer	muD[23,3]
2034	base::RealSlicer	muD[22,3]
2035	base::RealSlicer	muD[21,3]
2036	base::RealSlicer	muD[20,3]
2037	base::RealSlicer	muD[19,3]
2038	base::RealSlicer	muD[18,3]
2039	base::RealSlicer	muD[17,3]
2040	base::RealSlicer	muD[16,3]
2041	base::RealSlicer	muD[15,3]
2042	base::RealSlicer	muD[14,3]
2043	base::RealSlicer	muD[13,3]
2044	base::RealSlicer	muD[12,3]
2045	base::RealSlicer	muD[11,3]
2046	base::RealSlicer	muD[10,3]
2047	base::RealSlicer	muD[9,3]
2048	base::RealSlicer	muD[8,3]
2049	base::RealSlicer	muD[7,3]
2050	base::RealSlicer	muD[6,3]
2051	base::RealSlicer	muD[5,3]
2052	base::RealSlicer	muD[4,3]
2053	base::RealSlicer	muD[3,3]
2054	base::RealSlicer	muD[2,3]
2055	base::RealSlicer	muD[1,3]
2056	base::RealSlicer	muD[61,2]
2057	base::RealSlicer	muD[60,2]
2058	base::RealSlicer	muD[59,2]
2059	base::RealSlicer	muD[58,2]
2060	base::RealSlicer	muD[57,2]
2061	base::RealSlicer	muD[56,2]
2062	base::RealSlicer	muD[55,2]
2063	base::RealSlicer	muD[54,2]
2064	base::RealSlicer	muD[53,2]
2065	base::RealSlicer	muD[52,2]
2066	base::RealSlicer	muD[51,2]
2067	base::RealSlicer	muD[50,2]
2068	base::RealSlicer	muD[49,2]
2069	base::RealSlicer	muD[48,2]
2070	base::RealSlicer	muD[47,2]
2071	base::RealSlicer	muD[46,2]
2072	base::RealSlicer	muD[45,2]
2073	base::RealSlicer	muD[44,2]
2074	base::RealSlicer	muD[43,2]
2075	base::RealSlicer	muD[42,2]
2076	base::RealSlicer	muD[41,2]
2077	base::RealSlicer	muD[40,2]
2078	base::RealSlicer	muD[39,2]
2079	base::RealSlicer	muD[38,2]
2080	base::RealSlicer	muD[37,2]
2081	base::RealSlicer	muD[36,2]
2082	base::RealSlicer	muD[35,2]
2083	base::RealSlicer	muD[34,2]
2084	base::RealSlicer	muD[33,2]
2085	base::RealSlicer	muD[32,2]
2086	base::RealSlicer	muD[31,2]
2087	base::RealSlicer	muD[30,2]
2088	base::RealSlicer	muD[29,2]
2089	base::RealSlicer	muD[28,2]
2090	base::RealSlicer	muD[27,2]
2091	base::RealSlicer	muD[26,2]
2092	base::RealSlicer	muD[25,2]
2093	base::RealSlicer	muD[24,2]
2094	base::RealSlicer	muD[23,2]
2095	base::RealSlicer	muD[22,2]
2096	base::RealSlicer	muD[21,2]
2097	base::RealSlicer	muD[20,2]
2098	base::RealSlicer	muD[19,2]
2099	base::RealSlicer	muD[18,2]
2100	base::RealSlicer	muD[17,2]
2101	base::RealSlicer	muD[16,2]
2102	base::RealSlicer	muD[15,2]
2103	base::RealSlicer	muD[14,2]
2104	base::RealSlicer	muD[13,2]
2105	base::RealSlicer	muD[12,2]
2106	base::RealSlicer	muD[11,2]
2107	base::RealSlicer	muD[10,2]
2108	base::RealSlicer	muD[9,2]
2109	base::RealSlicer	muD[8,2]
2110	base::RealSlicer	muD[7,2]
2111	base::RealSlicer	muD[6,2]
2112	base::RealSlicer	muD[5,2]
2113	base::RealSlicer	muD[4,2]
2114	base::RealSlicer	muD[3,2]
2115	base::RealSlicer	muD[2,2]
2116	base::RealSlicer	muD[1,2]
2117	base::RealSlicer	muD[61,1]
2118	base::RealSlicer	muD[60,1]
2119	base::RealSlicer	muD[59,1]
2120	base::RealSlicer	muD[58,1]
2121	base::RealSlicer	muD[57,1]
2122	base::RealSlicer	muD[56,1]
2123	base::RealSlicer	muD[55,1]
2124	base::RealSlicer	muD[54,1]
2125	base::RealSlicer	muD[53,1]
2126	base::RealSlicer	muD[52,1]
2127	base::RealSlicer	muD[51,1]
2128	base::RealSlicer	muD[50,1]
2129	base::RealSlicer	muD[49,1]
2130	base::RealSlicer	muD[48,1]
2131	base::RealSlicer	muD[47,1]
2132	base::RealSlicer	muD[46,1]
2133	base::RealSlicer	muD[45,1]
2134	base::RealSlicer	muD[44,1]
2135	base::RealSlicer	muD[43,1]
2136	base::RealSlicer	muD[42,1]
2137	base::RealSlicer	muD[41,1]
2138	base::RealSlicer	muD[40,1]
2139	base::RealSlicer	muD[39,1]
2140	base::RealSlicer	muD[38,1]
2141	base::RealSlicer	muD[37,1]
2142	base::RealSlicer	muD[36,1]
2143	base::RealSlicer	muD[35,1]
2144	base::RealSlicer	muD[34,1]
2145	base::RealSlicer	muD[33,1]
2146	base::RealSlicer	muD[32,1]
2147	base::RealSlicer	muD[31,1]
2148	base::RealSlicer	muD[30,1]
2149	base::RealSlicer	muD[29,1]
2150	base::RealSlicer	muD[28,1]
2151	base::RealSlicer	muD[27,1]
2152	base::RealSlicer	muD[26,1]
2153	base::RealSlicer	muD[25,1]
2154	base::RealSlicer	muD[24,1]
2155	base::RealSlicer	muD[23,1]
2156	base::RealSlicer	muD[22,1]
2157	base::RealSlicer	muD[21,1]
2158	base::RealSlicer	muD[20,1]
2159	base::RealSlicer	muD[19,1]
2160	base::RealSlicer	muD[18,1]
2161	base::RealSlicer	muD[17,1]
2162	base::RealSlicer	muD[16,1]
2163	base::RealSlicer	muD[15,1]
2164	base::RealSlicer	muD[14,1]
2165	base::RealSlicer	muD[13,1]
2166	base::RealSlicer	muD[12,1]
2167	base::RealSlicer	muD[11,1]
2168	base::RealSlicer	muD[10,1]
2169	base::RealSlicer	muD[9,1]
2170	base::RealSlicer	muD[8,1]
2171	base::RealSlicer	muD[7,1]
2172	base::RealSlicer	muD[6,1]
2173	base::RealSlicer	muD[5,1]
2174	base::RealSlicer	muD[4,1]
2175	base::RealSlicer	muD[3,1]
2176	base::RealSlicer	muD[2,1]
2177	base::RealSlicer	muD[1,1]
2178	base::RealSlicer	aD
2179	base::RealSlicer	bD
2180	base::RealSlicer	cvmuD
2181	base::RealSlicer	cvD
2182	base::RealSlicer	eta_alphaN
2183	bugs::ConjugateNormal	aP
2184	base::RealSlicer	bP
